Image,x1,y1,x2,y2,x3,y3,x4,y4,x5,y5,x6,y6,x7,y7,x8,y8,x9,y9,x10,y10,x11,y11,x12,y12,x13,y13,x14,y14,x15,y15,x16,y16,x17,y17,x18,y18,x19,y19,x20,y20,x21,y21,x22,y22
C:/Users/DeonBakkes/Desktop/GTTM Ornithodoros tarsi trial/training/OP2413iiibMOUL1.JPG,449,873,532,829,614,650,739,631,841,699,822,814,847,852,1111,859,1186,837,1252,708,1374,674,1428,742,1396,812,1418,861,1549,871,1658,833,1731,881,1763,895,1795,878,1918,863,1960,925,1928,989
C:/Users/DeonBakkes/Desktop/GTTM Ornithodoros tarsi trial/training/OP2413iiibMOUL2.JPG,481,674,554,650,711,493,837,514,898,588,853,698,879,723,1204,763,1242,738,1321,642,1442,634,1474,699,1434,774,1455,811,1572,842,1713,840,1747,885,1789,916,1836,897,1949,892,1987,952,1941,1028
C:/Users/DeonBakkes/Desktop/GTTM Ornithodoros tarsi trial/training/OP2413iiibMOUL3.JPG,543,1045,581,1003,646,834,758,801,862,842,865,958,886,988,1163,949,1194,926,1226,812,1340,762,1399,805,1383,880,1414,917,1553,900,1615,864,1695,904,1732,912,1760,895,1846,864,1911,910,1887,980
C:/Users/DeonBakkes/Desktop/GTTM Ornithodoros tarsi trial/training/OP2414ii_bMOUL1.JPG,406,721,491,666,516,483,645,406,820,470,913,655,954,679,1193,643,1231,610,1322,481,1417,444,1518,492,1491,596,1516,646,1663,656,1781,609,1882,689,1928,699,1952,690,2122,635,2187,704,2170,806
C:/Users/DeonBakkes/Desktop/GTTM Ornithodoros tarsi trial/training/OP2414ii_bMOUL2.JPG,315,1103,363,1066,324,951,417,821,565,824,692,965,770,969,914,907,935,867,967,769,1043,707,1143,726,1141,820,1174,843,1282,822,1363,771,1461,809,1504,811,1522,798,1635,729,1714,774,1722,865
C:/Users/DeonBakkes/Desktop/GTTM Ornithodoros tarsi trial/training/OP2414ii_bMOUL3.JPG,445,854,497,816,516,685,642,604,780,654,844,759,886,775,1067,761,1138,713,1215,603,1339,568,1374,611,1351,692,1369,706,1514,705,1610,670,1714,740,1752,746,1780,725,1887,666,1959,720,1949,806
C:/Users/DeonBakkes/Desktop/GTTM Ornithodoros tarsi trial/training/OP2414ii_cMOUL1.JPG,476,635,532,604,573,469,759,422,888,531,866,626,895,659,1196,730,1255,708,1340,581,1484,570,1548,628,1508,733,1535,760,1669,789,1822,769,1894,851,1931,863,1963,856,2106,845,2146,903,2091,1013
C:/Users/DeonBakkes/Desktop/GTTM Ornithodoros tarsi trial/training/OP2414ii_cMOUL2.JPG,517,893,582,840,568,771,691,652,834,701,837,808,870,821,1142,781,1174,753,1214,633,1300,601,1389,632,1384,721,1406,733,1519,721,1630,669,1698,715,1736,713,1756,695,1875,657,1928,696,1906,784
C:/Users/DeonBakkes/Desktop/GTTM Ornithodoros tarsi trial/training/OP2414ii_cMOUL3.JPG,907,990,958,961,949,917,1055,822,1185,871,1172,946,1189,967,1438,979,1465,962,1512,867,1591,847,1657,884,1640,959,1659,972,1772,971,1857,947,1909,994,1940,998,1962,988,2059,966,2094,994,2066,1081
C:/Users/DeonBakkes/Desktop/GTTM Ornithodoros tarsi trial/training/OP2414ii_dMOUL1.JPG,494,771,563,734,583,621,732,546,836,594,879,676,909,695,1128,705,1177,684,1235,561,1343,536,1413,595,1411,655,1441,679,1568,698,1656,672,1718,724,1764,734,1788,727,1893,695,1937,752,1917,828
C:/Users/DeonBakkes/Desktop/GTTM Ornithodoros tarsi trial/training/OP2414ii_dMOUL2.JPG,572,1011,652,965,675,841,807,759,922,804,935,884,978,921,1248,902,1282,866,1328,754,1424,726,1491,764,1490,851,1520,879,1634,884,1736,846,1810,892,1847,890,1871,887,1978,850,2028,887,2003,986
C:/Users/DeonBakkes/Desktop/GTTM Ornithodoros tarsi trial/training/OP2414ii_dMOUL3.JPG,727,806,793,772,826,671,920,612,1028,650,1036,707,1077,749,1279,753,1324,737,1384,637,1474,617,1521,645,1515,722,1541,750,1639,762,1727,743,1784,784,1824,792,1845,786,1928,764,1976,796,1947,883
C:/Users/DeonBakkes/Desktop/GTTM Ornithodoros tarsi trial/training/OP2417ii_aMOUL1.JPG,207,944,294,851,265,754,384,585,501,598,552,720,609,763,992,704,1047,665,1110,553,1236,499,1320,551,1269,663,1303,695,1509,691,1605,635,1698,695,1749,705,1777,696,1933,648,1985,700,1941,804
C:/Users/DeonBakkes/Desktop/GTTM Ornithodoros tarsi trial/training/OP2417ii_aMOUL2.JPG,264,1139,321,1062,288,984,377,823,523,822,575,933,628,973,998,920,1056,884,1114,782,1240,737,1318,795,1265,895,1292,920,1473,930,1585,879,1679,938,1739,944,1764,932,1902,890,1956,944,1905,1033
C:/Users/DeonBakkes/Desktop/GTTM Ornithodoros tarsi trial/training/OP2417ii_aMOUL3.JPG,424,915,493,850,447,769,526,619,666,589,729,708,792,761,1150,712,1199,676,1256,569,1369,522,1468,572,1422,685,1448,715,1652,697,1719,659,1805,715,1865,717,1902,707,2024,672,2090,721,2042,822
C:/Users/DeonBakkes/Desktop/GTTM Ornithodoros tarsi trial/training/OP2417ii_bMOUL1.JPG,433,871,492,800,466,730,564,581,663,596,711,699,751,729,1060,686,1104,659,1177,550,1265,522,1333,566,1286,661,1309,682,1484,681,1559,641,1641,693,1677,697,1705,683,1830,650,1870,712,1831,776
C:/Users/DeonBakkes/Desktop/GTTM Ornithodoros tarsi trial/training/OP2417ii_bMOUL2.JPG,462,998,527,950,494,879,603,747,720,770,737,900,764,917,1129,902,1180,873,1237,744,1319,723,1380,765,1336,850,1356,865,1513,866,1589,823,1683,876,1712,872,1728,864,1828,814,1893,863,1871,942
C:/Users/DeonBakkes/Desktop/GTTM Ornithodoros tarsi trial/training/OP2417ii_bMOUL3.JPG,535,976,621,922,635,819,759,738,872,771,874,889,883,910,1303,939,1340,925,1424,798,1524,785,1573,824,1511,900,1544,940,1688,963,1798,931,1881,1000,1916,1012,1947,998,2042,959,2102,1029,2060,1093
C:/Users/DeonBakkes/Desktop/GTTM Ornithodoros tarsi trial/training/OP2417ii_dMOUL1.JPG,468,1006,509,950,506,837,611,752,688,782,736,884,770,899,1114,867,1174,826,1244,723,1331,692,1396,729,1332,824,1374,848,1519,859,1628,820,1697,878,1723,880,1745,869,1856,825,1914,886,1892,948
C:/Users/DeonBakkes/Desktop/GTTM Ornithodoros tarsi trial/training/OP2417ii_dMOUL2.JPG,312,925,358,860,348,745,460,635,559,650,632,784,668,799,1090,770,1142,739,1231,604,1347,565,1416,605,1340,718,1365,740,1589,764,1694,725,1758,790,1809,799,1829,788,1964,734,2024,785,2004,877
C:/Users/DeonBakkes/Desktop/GTTM Ornithodoros tarsi trial/training/OP2417ii_dMOUL3.JPG,368,1065,420,989,407,864,476,775,593,772,644,854,675,903,1090,838,1154,803,1225,665,1324,617,1388,647,1330,770,1362,798,1560,792,1667,735,1742,796,1779,801,1799,786,1906,727,1987,778,1968,853
C:/Users/DeonBakkes/Desktop/GTTM Ornithodoros tarsi trial/training/OP2417ii_eMOUL1.JPG,654,946,698,901,673,806,799,689,933,707,938,800,974,830,1253,789,1313,755,1369,653,1463,609,1563,648,1534,733,1593,768,1706,756,1774,719,1886,763,1927,776,1960,762,2054,711,2119,758,2106,845
C:/Users/DeonBakkes/Desktop/GTTM Ornithodoros tarsi trial/training/OP2417ii_eMOUL2.JPG,264,982,321,935,288,881,386,699,600,715,612,834,650,855,939,825,1037,777,1096,671,1224,613,1341,649,1300,759,1344,794,1480,801,1576,757,1706,807,1765,826,1798,806,1903,754,1982,795,1957,917
C:/Users/DeonBakkes/Desktop/GTTM Ornithodoros tarsi trial/training/OP2417ii_eMOUL3.JPG,376,1039,417,983,385,926,479,757,671,779,677,898,715,931,1009,884,1084,848,1156,719,1302,676,1372,721,1329,821,1357,847,1493,857,1597,808,1703,843,1769,854,1797,846,1907,789,1980,834,1961,951
C:/Users/DeonBakkes/Desktop/GTTM Ornithodoros tarsi trial/training/OP2642ii_aMOUL1.JPG,523,811,593,789,590,713,749,604,880,682,861,761,878,790,1110,800,1173,782,1217,703,1381,646,1478,732,1456,823,1472,843,1567,858,1645,826,1707,883,1740,881,1761,875,1890,805,1943,858,1924,981
C:/Users/DeonBakkes/Desktop/GTTM Ornithodoros tarsi trial/training/OP2642ii_aMOUL2.JPG,654,913,723,891,712,825,852,720,1009,776,986,872,997,895,1256,927,1306,911,1357,834,1530,794,1620,873,1592,971,1606,996,1694,1027,1785,1002,1846,1073,1878,1068,1896,1062,2009,999,2084,1051,2057,1177
C:/Users/DeonBakkes/Desktop/GTTM Ornithodoros tarsi trial/training/OP2642ii_aMOUL3.JPG,583,812,668,767,650,701,766,580,937,588,943,685,948,704,1247,669,1282,651,1322,555,1463,471,1591,508,1602,638,1634,657,1717,666,1810,601,1889,665,1927,673,1945,651,2048,558,2143,605,2139,723
C:/Users/DeonBakkes/Desktop/GTTM Ornithodoros tarsi trial/training/OP2642ii_bMOUL1.JPG,397,931,475,877,483,784,649,675,790,773,756,842,786,854,1141,830,1167,809,1201,733,1350,671,1444,749,1425,828,1455,869,1590,878,1668,845,1750,907,1791,918,1809,913,1963,860,2018,945,1980,1034
C:/Users/DeonBakkes/Desktop/GTTM Ornithodoros tarsi trial/training/OP2642ii_bMOUL2.JPG,391,1002,476,936,478,858,645,736,808,825,781,888,794,924,1137,898,1198,885,1247,783,1411,719,1503,791,1483,891,1519,928,1652,935,1749,901,1833,959,1879,973,1897,968,2058,908,2126,985,2084,1098
C:/Users/DeonBakkes/Desktop/GTTM Ornithodoros tarsi trial/training/OP2642ii_bMOUL3.JPG,464,849,541,800,551,704,691,611,825,681,799,758,817,772,1102,750,1157,736,1192,654,1326,591,1405,632,1397,739,1424,770,1548,781,1611,741,1696,792,1735,809,1755,799,1884,748,1945,799,1913,905
C:/Users/DeonBakkes/Desktop/GTTM Ornithodoros tarsi trial/training/OP2642ii_cMOUL1.JPG,432,858,525,782,523,689,732,556,845,592,929,747,983,780,1099,755,1134,726,1215,597,1386,559,1533,649,1468,767,1502,809,1621,805,1741,767,1842,849,1888,844,1909,832,2077,755,2148,806,2103,940
C:/Users/DeonBakkes/Desktop/GTTM Ornithodoros tarsi trial/training/OP2642ii_cMOUL2.JPG,385,1115,464,1047,438,955,538,828,675,817,813,942,842,952,950,913,972,893,996,782,1156,693,1294,746,1265,862,1294,888,1404,854,1501,806,1573,851,1628,832,1650,827,1764,736,1844,771,1832,891
C:/Users/DeonBakkes/Desktop/GTTM Ornithodoros tarsi trial/training/OP2642ii_cMOUL3.JPG,413,933,506,869,505,769,624,673,748,685,862,835,892,849,974,826,1016,799,1072,708,1229,653,1353,731,1305,830,1328,857,1428,857,1559,822,1621,881,1664,873,1683,867,1812,799,1885,858,1854,962
C:/Users/DeonBakkes/Desktop/GTTM Ornithodoros tarsi trial/training/OP2642ii_dMOUL1.JPG,405,936,468,858,456,741,592,609,723,642,759,755,791,773,1078,728,1122,702,1144,610,1311,515,1409,571,1404,676,1431,707,1558,696,1650,648,1707,718,1753,714,1768,703,1890,621,1967,697,1949,794
C:/Users/DeonBakkes/Desktop/GTTM Ornithodoros tarsi trial/training/OP2642ii_dMOUL2.JPG,522,1156,578,1085,551,977,659,814,823,834,868,960,906,975,1203,912,1244,879,1261,784,1419,672,1538,730,1531,837,1565,872,1694,852,1781,793,1858,861,1897,858,1911,845,2033,755,2119,801,2101,933
C:/Users/DeonBakkes/Desktop/GTTM Ornithodoros tarsi trial/training/OP2642ii_dMOUL3.JPG,412,916,455,867,448,748,580,636,729,673,747,765,773,788,1079,788,1115,763,1172,652,1343,595,1413,668,1398,752,1425,788,1546,792,1637,755,1704,839,1741,835,1752,822,1878,757,1950,815,1916,925
C:/Users/DeonBakkes/Desktop/GTTM Ornithodoros tarsi trial/training/OP3088i__aPORL1.JPG,624,1002,694,967,717,849,864,775,966,826,937,936,968,944,1312,905,1331,893,1399,787,1505,757,1565,801,1551,899,1564,916,1702,950,1796,905,1889,960,1921,965,1936,957,2084,912,2129,955,2099,1052
C:/Users/DeonBakkes/Desktop/GTTM Ornithodoros tarsi trial/training/OP3088i__aPORL2.JPG,535,609,620,589,630,499,775,407,920,467,881,586,934,609,1275,608,1303,592,1386,486,1504,471,1562,524,1532,628,1546,647,1686,695,1788,664,1879,726,1911,741,1929,735,2075,709,2141,761,2098,855
C:/Users/DeonBakkes/Desktop/GTTM Ornithodoros tarsi trial/training/OP3088i__aPORL3.JPG,557,615,634,611,668,518,799,449,940,510,893,625,918,650,1264,690,1303,676,1396,584,1509,582,1559,630,1508,743,1529,762,1664,816,1764,793,1830,865,1871,884,1892,877,2028,867,2086,908,2036,1015
C:/Users/DeonBakkes/Desktop/GTTM Ornithodoros tarsi trial/training/OP5043a__WATL1.JPG,846,722,909,702,916,634,1043,555,1106,609,1115,701,1144,739,1477,771,1515,752,1564,675,1644,667,1707,730,1658,794,1677,819,1804,854,1881,839,1940,886,1979,899,2002,893,2127,865,2168,916,2092,1005
C:/Users/DeonBakkes/Desktop/GTTM Ornithodoros tarsi trial/training/OP5043a__WATL2.JPG,583,901,647,866,647,770,755,673,862,712,883,829,933,883,1285,890,1373,843,1425,744,1534,728,1600,796,1552,873,1577,901,1733,923,1825,893,1903,941,1950,951,1972,938,2105,894,2175,950,2093,1074
C:/Users/DeonBakkes/Desktop/GTTM Ornithodoros tarsi trial/training/OP5043a__WATL3.JPG,452,700,519,670,512,571,623,461,727,486,765,621,803,654,1146,660,1239,626,1307,504,1403,479,1488,535,1442,626,1465,657,1610,681,1720,647,1808,693,1863,709,1877,686,2006,637,2080,689,2007,811
C:/Users/DeonBakkes/Desktop/GTTM Ornithodoros tarsi trial/training/OP5044___bMOUL1.JPG,635,740,670,728,689,648,852,558,965,649,927,721,980,776,1266,788,1310,759,1376,687,1489,664,1535,728,1473,810,1497,845,1657,879,1733,858,1786,920,1818,929,1842,926,1959,895,1993,957,1954,1022
C:/Users/DeonBakkes/Desktop/GTTM Ornithodoros tarsi trial/training/OP5044___bMOUL2.JPG,485,764,548,735,546,670,669,570,819,607,798,715,842,756,1142,755,1191,723,1267,643,1381,626,1405,688,1352,770,1396,807,1562,821,1626,789,1680,853,1711,864,1735,856,1839,816,1892,848,1854,942
C:/Users/DeonBakkes/Desktop/GTTM Ornithodoros tarsi trial/training/OP5044___bMOUL3.JPG,766,930,806,914,821,834,951,750,1076,817,1048,904,1087,948,1355,967,1393,948,1478,860,1576,837,1626,880,1566,980,1595,1014,1748,1037,1817,1011,1862,1072,1896,1080,1914,1080,2016,1049,2062,1093,2026,1167
C:/Users/DeonBakkes/Desktop/GTTM Ornithodoros tarsi trial/training/OP5044___cMOUL1.JPG,773,818,830,803,849,725,979,652,1063,696,1068,792,1113,838,1297,841,1343,823,1430,733,1502,733,1553,786,1507,862,1524,885,1645,910,1698,884,1769,938,1796,944,1818,943,1909,920,1949,973,1921,1037
C:/Users/DeonBakkes/Desktop/GTTM Ornithodoros tarsi trial/training/OP5044___cMOUL2.JPG,538,947,609,915,606,806,715,706,850,739,871,853,945,890,1159,865,1205,827,1270,723,1374,698,1439,732,1406,848,1445,876,1566,875,1632,833,1716,889,1749,888,1767,882,1883,835,1942,884,1917,970
C:/Users/DeonBakkes/Desktop/GTTM Ornithodoros tarsi trial/training/OP5044___cMOUL3.JPG,677,731,748,712,780,610,887,555,990,591,1001,687,1039,724,1247,719,1301,696,1373,608,1479,597,1517,634,1470,724,1495,750,1607,769,1680,731,1744,785,1784,801,1807,789,1903,759,1956,805,1921,887
C:/Users/DeonBakkes/Desktop/GTTM Ornithodoros tarsi trial/training/OP5046a__WATL1.JPG,633,820,685,786,731,686,877,620,958,663,1004,748,1035,771,1253,759,1328,737,1442,647,1528,634,1602,678,1589,759,1611,774,1710,778,1796,761,1876,809,1908,808,1926,804,2063,756,2102,798,2085,907
C:/Users/DeonBakkes/Desktop/GTTM Ornithodoros tarsi trial/training/OP5046a__WATL2.JPG,586,774,649,735,694,649,829,584,916,621,968,732,1020,751,1188,742,1287,719,1409,636,1475,625,1554,673,1538,734,1564,762,1666,774,1751,763,1814,812,1846,822,1869,809,1982,769,2046,813,2020,898
C:/Users/DeonBakkes/Desktop/GTTM Ornithodoros tarsi trial/training/OP5046a__WATL3.JPG,319,847,369,819,418,712,568,629,665,655,728,764,823,791,1010,756,1089,729,1182,649,1308,611,1383,647,1377,719,1420,756,1467,763,1620,740,1691,781,1730,793,1750,773,1883,719,1949,765,1934,877
C:/Users/DeonBakkes/Desktop/GTTM Ornithodoros tarsi trial/training/OP5046b__WATL1.JPG,476,932,545,884,557,783,683,669,795,690,848,800,925,839,1263,804,1299,782,1363,699,1464,662,1529,707,1487,789,1532,822,1636,820,1739,770,1814,811,1853,817,1876,803,2012,753,2060,797,2022,901
C:/Users/DeonBakkes/Desktop/GTTM Ornithodoros tarsi trial/training/OP5046b__WATL2.JPG,390,915,452,876,487,737,599,637,734,661,791,770,862,812,1147,810,1255,775,1350,669,1459,627,1529,671,1480,758,1517,797,1620,806,1747,746,1819,779,1870,793,1899,779,2034,727,2098,771,2058,881
C:/Users/DeonBakkes/Desktop/GTTM Ornithodoros tarsi trial/training/OP5046b__WATL3.JPG,479,908,536,867,546,781,669,676,796,709,834,814,917,868,1150,876,1270,848,1343,765,1457,734,1519,776,1465,858,1511,902,1589,910,1707,866,1779,917,1819,921,1846,907,1982,871,2030,929,1982,1019
C:/Users/DeonBakkes/Desktop/GTTM Ornithodoros tarsi trial/training/OP5046c__WATL1.JPG,440,834,515,780,533,653,645,584,752,632,778,740,819,758,1157,740,1194,723,1247,654,1368,598,1456,636,1425,716,1463,749,1574,750,1654,714,1732,751,1766,759,1785,744,1929,696,1982,744,1952,853
C:/Users/DeonBakkes/Desktop/GTTM Ornithodoros tarsi trial/training/OP5046c__WATL2.JPG,356,925,429,866,434,739,560,634,689,678,719,797,749,815,1164,769,1207,748,1265,659,1408,593,1500,631,1465,722,1484,744,1637,754,1731,694,1817,735,1863,738,1881,720,2036,663,2111,713,2085,826
C:/Users/DeonBakkes/Desktop/GTTM Ornithodoros tarsi trial/training/OP5046c__WATL3.JPG,406,772,488,712,493,579,610,480,739,526,757,624,786,667,1201,631,1245,608,1332,491,1470,455,1536,509,1499,590,1546,621,1629,625,1758,564,1841,601,1881,617,1902,596,2055,534,2126,587,2097,703
C:/Users/DeonBakkes/Desktop/GTTM Ornithodoros tarsi trial/training/OP5046e__WATL1.JPG,497,719,584,673,626,577,782,507,905,577,911,650,936,675,1301,708,1370,692,1510,574,1624,562,1708,641,1653,747,1666,781,1785,813,1879,803,1970,863,2010,873,2038,861,2177,822,2238,887,2211,1007
C:/Users/DeonBakkes/Desktop/GTTM Ornithodoros tarsi trial/training/OP5046e__WATL2.JPG,474,912,511,882,518,813,610,728,734,744,759,817,793,829,1063,794,1116,765,1196,651,1289,626,1365,664,1335,781,1364,794,1461,793,1525,769,1592,801,1637,798,1657,785,1756,737,1815,783,1808,871
C:/Users/DeonBakkes/Desktop/GTTM Ornithodoros tarsi trial/training/OP5046e__WATL3.JPG,628,731,703,697,721,642,836,571,950,610,959,674,985,700,1264,731,1344,711,1489,613,1606,627,1625,666,1582,771,1604,792,1698,812,1770,805,1833,842,1879,859,1909,848,2006,816,2071,865,2044,954
C:/Users/DeonBakkes/Desktop/GTTM Ornithodoros tarsi trial/training/OP5047___aPHAL1.JPG,599,1002,659,945,646,860,747,733,867,749,918,857,962,893,1251,865,1276,848,1323,746,1411,709,1475,747,1466,832,1486,846,1643,833,1724,790,1808,829,1847,845,1876,816,1984,758,2055,804,2025,909
C:/Users/DeonBakkes/Desktop/GTTM Ornithodoros tarsi trial/training/OP5047___aPHAL2.JPG,452,892,533,835,517,755,639,594,774,620,836,762,877,784,1176,773,1223,751,1273,647,1403,601,1456,649,1440,741,1466,760,1619,757,1731,706,1820,757,1863,766,1897,743,2013,686,2094,734,2055,854
C:/Users/DeonBakkes/Desktop/GTTM Ornithodoros tarsi trial/training/OP5047___aPHAL3.JPG,293,813,356,758,336,685,470,484,625,514,669,648,741,697,1069,677,1109,649,1151,542,1249,484,1356,520,1347,635,1369,650,1542,646,1660,593,1763,643,1817,655,1842,633,1971,562,2072,617,2033,750
C:/Users/DeonBakkes/Desktop/GTTM Ornithodoros tarsi trial/training/OP5047___bPHAL1.JPG,290,1277,362,1215,362,1073,492,936,635,987,653,1070,695,1091,1100,985,1168,928,1218,811,1309,770,1396,830,1375,928,1408,944,1584,901,1675,849,1764,865,1827,881,1863,850,2013,781,2084,827,2037,972
C:/Users/DeonBakkes/Desktop/GTTM Ornithodoros tarsi trial/training/OP5047___bPHAL2.JPG,530,823,602,785,611,693,753,588,886,652,880,731,904,756,1283,766,1339,745,1416,651,1506,634,1569,682,1531,777,1560,804,1710,811,1793,784,1866,813,1931,837,1963,820,2099,801,2159,854,2091,972
C:/Users/DeonBakkes/Desktop/GTTM Ornithodoros tarsi trial/training/OP5047___bPHAL3.JPG,459,888,535,840,531,742,650,620,774,640,806,749,866,780,1187,745,1275,702,1339,603,1456,577,1493,633,1468,714,1498,736,1663,722,1745,682,1817,713,1879,732,1915,706,2041,672,2116,730,2060,837
C:/Users/DeonBakkes/Desktop/GTTM Ornithodoros tarsi trial/training/OP5048___bPHAL1.JPG,493,817,527,799,567,686,687,629,765,690,767,776,805,800,1155,859,1200,848,1276,765,1332,753,1365,818,1352,874,1374,904,1555,950,1644,931,1698,977,1742,993,1766,988,1909,965,1946,1004,1889,1099
C:/Users/DeonBakkes/Desktop/GTTM Ornithodoros tarsi trial/training/OP5048___bPHAL2.JPG,570,1063,622,1047,640,927,722,836,836,852,870,964,902,982,1273,981,1333,959,1380,877,1462,826,1504,858,1501,946,1534,979,1740,990,1827,941,1886,986,1929,988,1961,978,2094,929,2145,969,2108,1070
C:/Users/DeonBakkes/Desktop/GTTM Ornithodoros tarsi trial/training/OP5048___bPHAL3.JPG,510,918,534,895,538,781,632,697,722,713,744,806,774,827,1133,811,1174,797,1230,695,1302,666,1332,732,1328,775,1352,796,1525,809,1619,759,1678,795,1729,802,1756,788,1867,739,1927,780,1895,873
C:/Users/DeonBakkes/Desktop/GTTM Ornithodoros tarsi trial/training/OP5048___cPHAL1.JPG,371,1191,458,1118,428,1017,548,849,654,862,717,1009,755,1038,1081,999,1112,990,1222,806,1294,781,1362,816,1342,924,1379,951,1557,923,1660,876,1755,894,1789,903,1820,879,1969,805,2018,835,1993,990
C:/Users/DeonBakkes/Desktop/GTTM Ornithodoros tarsi trial/training/OP5048___cPHAL2.JPG,202,1047,314,974,278,915,370,692,527,713,572,843,626,890,975,853,1016,834,1132,649,1223,612,1296,652,1274,787,1312,810,1493,769,1615,708,1698,733,1762,742,1790,721,1941,648,2014,677,1982,845
C:/Users/DeonBakkes/Desktop/GTTM Ornithodoros tarsi trial/training/OP5048___cPHAL3.JPG,460,1022,530,954,503,893,574,748,717,757,746,849,801,898,1083,865,1128,849,1216,698,1302,663,1350,707,1333,808,1369,828,1538,792,1616,742,1687,766,1739,773,1764,756,1882,698,1941,736,1913,862
C:/Users/DeonBakkes/Desktop/GTTM Ornithodoros tarsi trial/training/OP5048___dPHAL1.JPG,361,1005,437,928,400,816,526,652,661,668,754,823,802,844,1133,755,1160,721,1192,602,1331,518,1438,552,1426,682,1454,715,1653,703,1748,649,1847,698,1874,689,1889,676,2034,587,2103,637,2088,778
C:/Users/DeonBakkes/Desktop/GTTM Ornithodoros tarsi trial/training/OP5048___dPHAL2.JPG,418,917,497,877,468,799,574,645,703,655,770,792,809,813,1062,789,1132,749,1161,660,1288,579,1394,613,1377,728,1417,769,1554,770,1656,719,1735,765,1767,770,1786,756,1899,692,1976,729,1946,857
C:/Users/DeonBakkes/Desktop/GTTM Ornithodoros tarsi trial/training/OP5048___dPHAL3.JPG,578,889,639,857,616,781,692,658,818,655,884,774,921,798,1161,775,1220,737,1250,641,1366,583,1453,631,1433,711,1467,750,1600,754,1684,713,1759,750,1791,754,1806,738,1912,678,1971,711,1949,829
C:/Users/DeonBakkes/Desktop/GTTM Ornithodoros tarsi trial/training/OP5048___ePHAL1.JPG,541,977,619,933,628,816,775,719,887,777,888,886,911,911,1288,934,1326,911,1406,808,1496,795,1555,853,1506,932,1538,974,1735,984,1835,946,1918,992,1980,1014,2015,987,2153,950,2215,1005,2141,1125
C:/Users/DeonBakkes/Desktop/GTTM Ornithodoros tarsi trial/training/OP5048___ePHAL2.JPG,535,880,630,841,651,740,761,685,857,733,852,815,871,848,1184,880,1214,861,1275,791,1363,779,1404,823,1359,894,1381,924,1533,945,1632,919,1692,956,1746,972,1777,957,1879,937,1938,986,1866,1091
C:/Users/DeonBakkes/Desktop/GTTM Ornithodoros tarsi trial/training/OP5048___ePHAL3.JPG,553,1070,641,1011,632,963,718,844,867,856,876,953,897,981,1239,970,1281,940,1322,870,1433,825,1481,868,1443,954,1480,988,1650,980,1758,938,1826,965,1881,979,1908,951,2010,913,2084,970,2033,1071
C:/Users/DeonBakkes/Desktop/GTTM Ornithodoros tarsi trial/training/OP5048___fPHAL1.JPG,547,879,618,822,617,748,731,667,821,715,826,775,866,796,1208,776,1239,764,1308,672,1365,656,1409,695,1396,763,1431,785,1607,803,1687,768,1771,808,1816,807,1848,799,1975,762,2018,809,1964,908
C:/Users/DeonBakkes/Desktop/GTTM Ornithodoros tarsi trial/training/OP5048___fPHAL2.JPG,489,797,567,744,563,664,647,573,764,601,781,667,820,688,1193,648,1210,631,1264,546,1323,515,1380,548,1366,625,1391,643,1579,653,1675,614,1743,646,1797,648,1830,639,1964,589,2014,633,1968,744
C:/Users/DeonBakkes/Desktop/GTTM Ornithodoros tarsi trial/training/OP5048___fPHAL3.JPG,181,1066,259,1000,243,921,334,788,477,808,501,886,530,919,1009,834,1038,813,1098,689,1183,650,1239,702,1230,790,1258,809,1495,796,1610,737,1694,772,1750,763,1781,751,1966,684,2025,724,1976,866
C:/Users/DeonBakkes/Desktop/GTTM Ornithodoros tarsi trial/training/OP5048___gPHAL1.JPG,446,891,515,850,556,709,698,623,797,690,792,784,829,814,1168,839,1210,819,1306,713,1416,679,1472,750,1434,836,1472,866,1642,874,1745,841,1809,883,1849,904,1877,880,2005,837,2062,888,2008,991
C:/Users/DeonBakkes/Desktop/GTTM Ornithodoros tarsi trial/training/OP5048___gPHAL2.JPG,308,1106,394,1058,406,928,543,801,682,853,685,963,757,998,1105,995,1156,969,1258,834,1378,797,1436,855,1396,962,1418,982,1602,995,1740,942,1818,985,1871,998,1901,974,2024,907,2101,966,2049,1087
C:/Users/DeonBakkes/Desktop/GTTM Ornithodoros tarsi trial/training/OP5048___gPHAL3.JPG,371,898,429,864,432,767,536,626,689,628,720,762,806,799,1108,788,1150,763,1231,646,1356,597,1416,633,1392,737,1407,771,1607,776,1703,728,1778,767,1839,775,1859,758,1965,698,2051,749,2001,862
C:/Users/DeonBakkes/Desktop/GTTM Ornithodoros tarsi trial/training/OP5048___hPHAL1.JPG,451,882,519,835,532,710,655,623,776,677,754,770,814,805,1155,800,1190,773,1221,675,1337,617,1422,664,1383,753,1406,789,1594,794,1692,742,1759,782,1812,789,1839,763,1988,700,2056,755,2003,872
C:/Users/DeonBakkes/Desktop/GTTM Ornithodoros tarsi trial/training/OP5048___hPHAL2.JPG,510,1009,572,975,630,815,754,775,856,829,824,918,887,967,1222,991,1277,959,1302,875,1405,838,1503,883,1457,977,1482,1007,1676,1023,1764,984,1821,1031,1883,1047,1915,1024,2061,971,2130,1044,2069,1148
C:/Users/DeonBakkes/Desktop/GTTM Ornithodoros tarsi trial/training/OP5048___hPHAL3.JPG,612,989,678,939,666,828,760,721,881,729,874,822,932,848,1261,793,1300,751,1302,668,1418,590,1492,628,1468,713,1492,728,1667,707,1754,641,1820,672,1874,676,1902,632,2021,552,2090,615,2066,706
C:/Users/DeonBakkes/Desktop/GTTM Ornithodoros tarsi trial/training/OP5049___aPORL1.JPG,553,964,589,928,595,818,715,725,825,779,828,875,890,920,1210,877,1245,853,1299,759,1403,713,1504,765,1462,838,1498,866,1586,873,1678,814,1782,855,1812,857,1829,846,1971,788,2009,821,1978,945
C:/Users/DeonBakkes/Desktop/GTTM Ornithodoros tarsi trial/training/OP5049___aPORL2.JPG,655,944,689,904,682,816,782,715,916,744,914,860,962,885,1290,852,1320,831,1384,725,1470,698,1560,744,1512,810,1553,844,1644,841,1715,790,1819,830,1849,831,1866,817,1995,766,2039,794,2010,912
C:/Users/DeonBakkes/Desktop/GTTM Ornithodoros tarsi trial/training/OP5049___aPORL3.JPG,445,936,485,885,466,810,551,672,737,703,739,805,788,858,1169,801,1216,768,1268,664,1406,611,1503,661,1457,744,1504,773,1609,775,1693,710,1808,745,1852,753,1871,736,2021,668,2073,711,2047,842
C:/Users/DeonBakkes/Desktop/GTTM Ornithodoros tarsi trial/training/OP5049___bPORL1.JPG,787,918,843,894,876,777,1010,705,1120,754,1111,883,1164,904,1409,887,1460,859,1524,781,1625,756,1720,796,1673,876,1695,901,1803,912,1868,889,1936,920,1980,921,2004,907,2125,855,2171,895,2134,1013
C:/Users/DeonBakkes/Desktop/GTTM Ornithodoros tarsi trial/training/OP5049___bPORL2.JPG,719,967,774,921,792,835,904,758,1022,783,1023,883,1042,900,1296,898,1358,864,1428,775,1530,751,1600,785,1559,861,1593,890,1688,889,1737,860,1817,888,1862,893,1879,866,1977,819,2037,851,2024,959
C:/Users/DeonBakkes/Desktop/GTTM Ornithodoros tarsi trial/training/OP5049___bPORL3.JPG,620,1014,699,956,699,901,802,798,960,832,945,931,960,951,1240,963,1303,936,1378,842,1516,818,1576,851,1532,934,1564,966,1676,970,1719,942,1787,970,1848,984,1869,959,1969,907,2038,942,2018,1063
C:/Users/DeonBakkes/Desktop/GTTM Ornithodoros tarsi trial/training/OP5051___aCOML1.JPG,649,793,697,748,705,660,802,599,889,619,922,692,958,704,1180,673,1222,655,1297,579,1413,535,1454,570,1421,645,1434,653,1528,657,1652,609,1715,638,1754,652,1777,641,1873,612,1929,664,1899,704
C:/Users/DeonBakkes/Desktop/GTTM Ornithodoros tarsi trial/training/OP5051___aCOML2.JPG,685,796,741,771,743,698,840,627,940,647,961,721,989,738,1221,737,1279,729,1375,647,1471,617,1518,652,1481,727,1504,742,1620,755,1724,722,1790,756,1831,776,1860,764,1952,742,1998,785,1975,836
C:/Users/DeonBakkes/Desktop/GTTM Ornithodoros tarsi trial/training/OP5051___aCOML3.JPG,654,961,701,932,722,822,823,764,921,789,940,855,975,877,1227,870,1283,854,1385,764,1494,727,1544,772,1490,859,1500,866,1659,866,1760,827,1827,861,1869,871,1890,865,1993,840,2052,889,2031,943
C:/Users/DeonBakkes/Desktop/GTTM Ornithodoros tarsi trial/training/OP5051___bCOML1.JPG,521,783,578,732,583,658,690,573,796,604,799,678,836,697,1169,662,1215,629,1282,554,1385,520,1424,559,1394,634,1409,649,1528,654,1637,613,1692,652,1733,655,1760,648,1874,619,1921,659,1900,735
C:/Users/DeonBakkes/Desktop/GTTM Ornithodoros tarsi trial/training/OP5051___bCOML2.JPG,513,638,575,615,626,514,785,477,869,541,846,616,870,646,1274,723,1327,703,1418,648,1523,632,1572,681,1522,765,1527,787,1649,832,1820,830,1853,896,1893,910,1917,909,2058,912,2100,970,2046,1053
C:/Users/DeonBakkes/Desktop/GTTM Ornithodoros tarsi trial/training/OP5051___bCOML3.JPG,477,943,527,903,549,799,653,744,739,779,740,839,771,867,1060,842,1114,821,1174,741,1267,701,1321,736,1294,815,1310,825,1439,828,1547,808,1582,830,1611,825,1630,823,1738,794,1782,828,1761,906
C:/Users/DeonBakkes/Desktop/GTTM Ornithodoros tarsi trial/training/OP5051___cCOML1.JPG,563,1007,629,968,660,873,781,829,871,889,850,937,863,960,1108,966,1153,952,1250,887,1364,860,1396,904,1354,973,1373,993,1472,998,1585,972,1655,1027,1684,1030,1710,1033,1799,1026,1830,1068,1820,1111
C:/Users/DeonBakkes/Desktop/GTTM Ornithodoros tarsi trial/training/OP5051___cCOML2.JPG,646,1080,692,1033,699,947,798,865,918,875,923,936,940,963,1193,926,1238,895,1311,806,1426,750,1461,770,1426,877,1442,887,1577,869,1683,812,1761,848,1794,855,1818,841,1913,812,1952,843,1958,905
C:/Users/DeonBakkes/Desktop/GTTM Ornithodoros tarsi trial/training/OP5051___cCOML3.JPG,707,1177,771,1112,781,1041,877,968,969,1002,963,1046,991,1064,1246,1022,1296,987,1367,902,1461,858,1492,878,1463,963,1479,984,1608,971,1716,910,1788,947,1826,958,1846,940,1929,916,1984,949,1992,1000
C:/Users/DeonBakkes/Desktop/GTTM Ornithodoros tarsi trial/training/OP5052___aWATL1.JPG,710,868,786,823,798,730,885,664,965,691,958,770,983,790,1262,746,1297,724,1343,643,1452,615,1485,654,1475,704,1493,725,1570,725,1648,687,1723,715,1755,723,1770,711,1877,672,1923,716,1904,794
C:/Users/DeonBakkes/Desktop/GTTM Ornithodoros tarsi trial/training/OP5052___aWATL2.JPG,697,901,776,864,795,784,898,715,970,756,955,825,978,843,1252,822,1295,805,1365,712,1473,699,1498,730,1483,787,1496,809,1586,813,1668,783,1722,817,1764,830,1783,812,1886,781,1938,825,1905,895
C:/Users/DeonBakkes/Desktop/GTTM Ornithodoros tarsi trial/training/OP5052___aWATL3.JPG,690,896,778,854,798,767,891,699,962,713,952,804,982,832,1286,793,1311,772,1368,694,1470,676,1501,719,1480,766,1494,793,1583,801,1655,762,1716,793,1766,808,1783,794,1881,760,1938,802,1911,872
C:/Users/DeonBakkes/Desktop/GTTM Ornithodoros tarsi trial/training/OP5053___aPHAL1.JPG,819,976,875,946,869,879,968,774,1057,809,1073,887,1109,914,1339,905,1377,885,1439,813,1515,800,1533,831,1508,887,1526,910,1670,910,1739,886,1799,917,1847,927,1873,913,1951,884,2001,917,1963,1017
C:/Users/DeonBakkes/Desktop/GTTM Ornithodoros tarsi trial/training/OP5053___aPHAL2.JPG,626,815,677,778,667,711,733,598,823,618,858,698,893,717,1100,663,1136,635,1174,555,1235,527,1271,555,1257,609,1278,626,1403,605,1477,564,1533,585,1579,589,1602,565,1674,525,1719,553,1707,645
C:/Users/DeonBakkes/Desktop/GTTM Ornithodoros tarsi trial/training/OP5053___aPHAL3.JPG,543,987,641,961,713,820,813,783,885,828,889,943,922,985,1200,1020,1272,1001,1343,942,1427,940,1462,972,1413,1033,1438,1079,1583,1102,1711,1101,1741,1140,1786,1168,1819,1163,1943,1144,1993,1194,1921,1301
C:/Users/DeonBakkes/Desktop/GTTM Ornithodoros tarsi trial/training/OP5053___bPHAL1.JPG,287,746,375,709,384,611,507,521,616,560,618,675,644,702,942,709,987,696,1041,608,1148,560,1219,610,1184,678,1212,709,1341,709,1453,670,1527,721,1564,723,1588,713,1691,665,1772,722,1734,826
C:/Users/DeonBakkes/Desktop/GTTM Ornithodoros tarsi trial/training/OP5053___bPHAL2.JPG,485,645,536,628,552,545,664,464,742,514,736,609,753,624,988,638,1039,612,1083,548,1171,514,1216,558,1195,615,1204,633,1329,631,1391,609,1449,639,1489,652,1509,644,1606,601,1670,644,1630,732
C:/Users/DeonBakkes/Desktop/GTTM Ornithodoros tarsi trial/training/OP5053___bPHAL3.JPG,826,530,910,522,944,447,1094,405,1180,495,1137,577,1157,608,1433,731,1471,732,1566,669,1681,681,1709,729,1655,794,1666,821,1783,871,1882,877,1950,953,1980,969,2009,973,2133,967,2172,1056,2105,1110
C:/Users/DeonBakkes/Desktop/GTTM Ornithodoros tarsi trial/training/OP5053___cPHAL1.JPG,698,784,779,741,789,656,882,583,988,619,987,693,999,724,1331,770,1366,754,1419,676,1499,661,1564,700,1528,773,1579,817,1660,828,1749,811,1802,852,1844,858,1863,853,1970,824,2012,872,1970,946
C:/Users/DeonBakkes/Desktop/GTTM Ornithodoros tarsi trial/training/OP5053___cPHAL2.JPG,588,861,677,784,683,693,768,608,880,618,896,694,902,727,1272,702,1320,673,1366,578,1487,547,1524,577,1500,660,1530,682,1660,677,1744,642,1807,672,1846,687,1879,664,1976,614,2046,647,2020,747
C:/Users/DeonBakkes/Desktop/GTTM Ornithodoros tarsi trial/training/OP5053___cPHAL3.JPG,543,896,612,844,602,778,671,672,800,683,802,774,834,805,1137,794,1170,774,1226,676,1319,657,1365,698,1340,759,1371,786,1483,792,1563,769,1613,804,1647,802,1661,795,1762,753,1820,796,1795,883
C:/Users/DeonBakkes/Desktop/GTTM Ornithodoros tarsi trial/training/OP5054___aMOUL1.JPG,438,1263,469,1207,428,1069,540,871,762,834,825,957,875,988,1130,910,1175,864,1205,753,1367,671,1416,710,1396,820,1427,833,1574,809,1654,737,1743,777,1772,768,1808,752,1918,668,2011,699,2003,815
C:/Users/DeonBakkes/Desktop/GTTM Ornithodoros tarsi trial/training/OP5054___aMOUL2.JPG,443,810,489,747,487,581,638,453,851,457,875,570,922,622,1179,615,1234,586,1322,470,1439,431,1503,472,1460,591,1478,614,1624,621,1721,574,1801,630,1848,628,1881,624,1995,565,2072,614,2039,728
C:/Users/DeonBakkes/Desktop/GTTM Ornithodoros tarsi trial/training/OP5054___aMOUL3.JPG,398,992,456,911,467,699,641,579,841,584,868,737,914,771,1201,741,1255,707,1327,599,1461,531,1540,591,1500,690,1527,723,1687,724,1787,673,1859,720,1911,726,1948,717,2079,649,2165,719,2130,819
C:/Users/DeonBakkes/Desktop/GTTM Ornithodoros tarsi trial/training/OP5054___bMOUL1.JPG,548,711,600,675,599,589,733,477,857,533,852,624,875,664,1179,668,1242,643,1304,556,1406,544,1447,586,1403,671,1416,689,1559,724,1630,691,1700,752,1731,753,1753,746,1869,730,1914,786,1881,860
C:/Users/DeonBakkes/Desktop/GTTM Ornithodoros tarsi trial/training/OP5054___bMOUL2.JPG,469,1043,526,986,519,880,673,750,807,782,820,891,858,930,1213,900,1296,852,1333,760,1460,709,1523,749,1488,856,1511,879,1683,897,1763,857,1851,908,1890,919,1920,903,2041,859,2114,922,2087,1028
C:/Users/DeonBakkes/Desktop/GTTM Ornithodoros tarsi trial/training/OP5054___bMOUL3.JPG,504,1025,552,977,530,884,652,734,806,763,824,872,867,910,1200,847,1268,807,1305,704,1418,660,1487,698,1458,788,1474,811,1639,832,1730,781,1811,835,1853,826,1877,817,2001,768,2059,833,2034,912
C:/Users/DeonBakkes/Desktop/GTTM Ornithodoros tarsi trial/training/OP5054___cMOUL1.JPG,580,858,662,816,697,675,843,590,1011,660,1000,805,1048,860,1338,882,1412,838,1507,744,1651,740,1705,807,1650,900,1668,931,1819,961,1899,933,1978,1007,2027,1022,2054,1015,2185,983,2258,1059,2206,1171
C:/Users/DeonBakkes/Desktop/GTTM Ornithodoros tarsi trial/training/OP5054___cMOUL2.JPG,519,875,582,828,604,684,746,585,883,608,901,746,938,814,1214,816,1280,796,1394,659,1492,642,1577,687,1534,790,1563,827,1693,843,1787,808,1864,863,1918,879,1941,863,2070,822,2140,887,2100,986
C:/Users/DeonBakkes/Desktop/GTTM Ornithodoros tarsi trial/training/OP5054___cMOUL3.JPG,473,1065,536,1006,528,889,636,771,763,785,795,897,831,941,1074,895,1143,838,1189,735,1307,688,1365,727,1340,811,1374,842,1489,830,1562,780,1637,810,1684,822,1707,803,1811,736,1875,788,1854,882
C:/Users/DeonBakkes/Desktop/GTTM Ornithodoros tarsi trial/training/OP2775iiaSAVL1.JPG,805,920,851,912,875,817,1062,775,1085,872,1068,917,1085,953,1270,1024,1307,1009,1389,918,1495,896,1533,974,1463,1053,1478,1080,1592,1109,1703,1079,1743,1120,1761,1125,1775,1123,1888,1110,1906,1135,1813,1279
C:/Users/DeonBakkes/Desktop/GTTM Ornithodoros tarsi trial/training/OP2775iiaSAVL2.JPG,655,914,679,890,660,757,776,666,884,707,892,793,950,824,1156,792,1192,758,1232,626,1312,559,1395,609,1371,719,1412,742,1515,720,1628,628,1694,640,1714,637,1726,629,1838,559,1872,586,1846,756
C:/Users/DeonBakkes/Desktop/GTTM Ornithodoros tarsi trial/training/OP2775iiaSAVL3.JPG,898,832,935,830,968,720,1099,697,1148,768,1127,825,1151,862,1315,901,1352,886,1451,786,1519,780,1551,840,1492,915,1509,942,1589,963,1707,925,1756,962,1767,964,1778,959,1879,937,1898,959,1821,1084
C:/Users/DeonBakkes/Desktop/GTTM Ornithodoros tarsi trial/training/OP2775iibSAVL1.JPG,782,852,825,828,795,753,990,599,1064,704,1065,807,1100,830,1380,855,1426,830,1486,732,1617,671,1675,753,1607,860,1620,890,1751,893,1900,862,1941,895,1949,899,1957,902,2128,853,2148,891,2077,1040
C:/Users/DeonBakkes/Desktop/GTTM Ornithodoros tarsi trial/training/OP2775iibSAVL2.JPG,834,948,862,912,837,803,962,692,1067,759,1085,868,1133,880,1350,855,1397,820,1465,678,1547,644,1607,712,1555,827,1580,839,1667,834,1789,777,1846,796,1859,798,1866,796,1999,729,2034,753,1991,900
C:/Users/DeonBakkes/Desktop/GTTM Ornithodoros tarsi trial/training/OP2775iibSAVL3.JPG,561,1025,590,976,551,896,673,708,803,752,833,879,873,903,1172,850,1219,805,1293,615,1373,587,1449,621,1405,793,1429,807,1562,784,1702,704,1767,725,1783,723,1794,717,1928,627,1972,657,1934,808
C:/Users/DeonBakkes/Desktop/GTTM Ornithodoros tarsi trial/training/OP2958iaSAVL1.JPG,684,1039,715,1020,688,938,809,821,889,870,891,945,931,972,1192,950,1221,918,1237,858,1361,787,1429,844,1379,945,1404,967,1533,970,1611,921,1657,939,1672,941,1686,945,1788,849,1827,873,1766,1042
C:/Users/DeonBakkes/Desktop/GTTM Ornithodoros tarsi trial/training/OP2958iaSAVL2.JPG,639,812,690,790,701,652,835,607,902,686,889,760,942,806,1197,831,1235,797,1315,709,1411,709,1456,784,1376,872,1403,903,1535,938,1624,900,1670,935,1688,940,1697,941,1827,872,1858,901,1757,1063
C:/Users/DeonBakkes/Desktop/GTTM Ornithodoros tarsi trial/training/OP2958iaSAVL3.JPG,776,1086,805,1060,771,949,869,856,975,896,985,987,1042,1009,1264,973,1303,944,1332,841,1422,793,1515,837,1467,949,1488,967,1605,969,1692,911,1739,926,1757,925,1768,919,1875,824,1911,854,1862,1024
C:/Users/DeonBakkes/Desktop/GTTM Ornithodoros tarsi trial/training/OP2958ibSAVL1.JPG,808,916,834,889,823,810,965,692,1028,741,1013,851,1054,880,1316,850,1340,829,1375,739,1465,692,1532,731,1501,854,1521,880,1617,883,1692,841,1740,856,1751,856,1766,856,1883,760,1919,779,1876,943
C:/Users/DeonBakkes/Desktop/GTTM Ornithodoros tarsi trial/training/OP2958ibSAVL2.JPG,687,818,709,797,714,650,840,591,922,662,909,779,955,792,1188,777,1237,748,1307,618,1375,598,1441,660,1409,742,1425,785,1536,792,1607,751,1658,778,1673,767,1680,762,1809,671,1837,698,1776,869
C:/Users/DeonBakkes/Desktop/GTTM Ornithodoros tarsi trial/training/OP2958ibSAVL3.JPG,778,1072,805,1028,837,879,968,834,1027,893,998,1008,1036,1038,1304,1026,1352,995,1427,887,1512,867,1560,925,1519,1027,1550,1070,1640,1076,1735,1038,1782,1065,1794,1062,1805,1058,1932,965,1963,991,1896,1154
C:/Users/DeonBakkes/Desktop/GTTM Ornithodoros tarsi trial/training/OP2958iiaSAVL1.JPG,810,1025,863,989,861,917,1021,843,1080,918,1068,993,1100,1025,1337,1072,1374,1055,1447,962,1540,941,1582,1013,1517,1091,1533,1122,1659,1150,1720,1123,1766,1166,1785,1166,1801,1160,1918,1120,1951,1148,1909,1267
C:/Users/DeonBakkes/Desktop/GTTM Ornithodoros tarsi trial/training/OP2958iiaSAVL2.JPG,592,778,665,738,700,595,879,550,968,636,955,710,1021,813,1285,877,1340,867,1469,727,1570,718,1623,825,1528,920,1542,960,1714,1007,1797,970,1852,1038,1883,1035,1898,1027,2062,981,2103,1027,2037,1181
C:/Users/DeonBakkes/Desktop/GTTM Ornithodoros tarsi trial/training/OP2958iiaSAVL3.JPG,646,639,720,609,800,458,920,451,1016,528,999,648,1031,697,1284,810,1337,801,1485,686,1568,699,1606,792,1501,873,1533,933,1656,972,1741,948,1785,1007,1814,1016,1831,1012,1992,989,2023,1033,1932,1169
C:/Users/DeonBakkes/Desktop/GTTM Ornithodoros tarsi trial/training/OP2958iibSAVL1.JPG,655,817,716,777,740,667,908,593,974,653,939,763,962,786,1227,793,1276,759,1373,647,1458,629,1537,686,1475,786,1500,822,1582,840,1668,806,1728,846,1739,850,1756,841,1866,791,1906,832,1863,956
C:/Users/DeonBakkes/Desktop/GTTM Ornithodoros tarsi trial/training/OP2958iibSAVL2.JPG,685,963,739,926,784,794,897,769,961,828,929,911,962,938,1187,942,1241,899,1308,811,1402,799,1447,856,1396,941,1412,962,1493,979,1560,949,1603,983,1627,985,1637,979,1739,934,1766,967,1731,1072
C:/Users/DeonBakkes/Desktop/GTTM Ornithodoros tarsi trial/training/OP2958iibSAVL3.JPG,782,757,830,716,867,582,977,547,1042,604,1018,690,1056,711,1246,704,1308,671,1399,556,1477,543,1534,590,1498,683,1518,705,1577,713,1659,679,1701,710,1720,711,1732,703,1832,651,1861,686,1828,795
C:/Users/DeonBakkes/Desktop/GTTM Ornithodoros tarsi trial/training/OP3023iiaNOOL1.JPG,686,996,712,959,699,879,811,778,892,813,900,897,941,929,1185,921,1223,897,1292,799,1364,774,1426,817,1384,903,1403,929,1540,928,1599,880,1666,927,1710,920,1728,906,1817,825,1870,845,1827,1001
C:/Users/DeonBakkes/Desktop/GTTM Ornithodoros tarsi trial/training/OP3023iiaNOOL2.JPG,533,897,577,847,566,723,691,637,786,686,796,788,846,825,1088,815,1154,784,1255,650,1337,627,1402,673,1349,783,1375,812,1530,808,1604,746,1680,795,1721,785,1742,774,1864,673,1910,712,1862,891
C:/Users/DeonBakkes/Desktop/GTTM Ornithodoros tarsi trial/training/OP3023iiaNOOL3.JPG,497,814,540,781,529,653,651,568,740,622,756,725,802,755,1066,725,1138,659,1213,563,1281,548,1340,593,1297,700,1310,725,1460,719,1537,652,1614,691,1648,683,1674,672,1790,577,1836,604,1789,774
C:/Users/DeonBakkes/Desktop/GTTM Ornithodoros tarsi trial/training/OP3023iibNOOL1.JPG,734,954,764,930,749,828,852,747,940,799,945,881,976,902,1193,870,1243,833,1310,727,1385,697,1454,750,1405,847,1432,870,1529,854,1588,807,1648,833,1694,827,1710,816,1847,731,1876,765,1851,917
C:/Users/DeonBakkes/Desktop/GTTM Ornithodoros tarsi trial/training/OP3023iibNOOL2.JPG,625,943,649,919,625,814,724,720,818,763,826,845,864,870,1068,839,1129,794,1199,668,1277,641,1339,687,1300,791,1332,813,1421,803,1491,740,1562,767,1596,762,1618,746,1735,651,1777,672,1764,824
C:/Users/DeonBakkes/Desktop/GTTM Ornithodoros tarsi trial/training/OP3023iibNOOL3.JPG,619,716,651,697,670,562,787,516,867,580,856,681,889,708,1127,726,1169,703,1281,596,1367,579,1427,639,1353,745,1370,768,1479,784,1568,743,1623,783,1674,790,1697,782,1850,719,1878,759,1821,899
C:/Users/DeonBakkes/Desktop/GTTM Ornithodoros tarsi trial/training/OP3023iicNOOL1.JPG,730,997,772,964,787,880,924,799,996,864,982,953,1001,988,1260,1018,1335,974,1429,886,1503,886,1536,937,1475,1034,1485,1061,1605,1084,1680,1043,1732,1090,1788,1105,1814,1091,1945,1028,1977,1069,1913,1216
C:/Users/DeonBakkes/Desktop/GTTM Ornithodoros tarsi trial/training/OP3023iicNOOL2.JPG,720,751,756,720,775,636,886,571,964,616,942,712,975,757,1183,781,1253,750,1339,669,1418,661,1448,710,1390,792,1405,827,1515,842,1583,806,1635,855,1667,862,1692,853,1817,796,1850,834,1784,969
C:/Users/DeonBakkes/Desktop/GTTM Ornithodoros tarsi trial/training/OP3023iicNOOL3.JPG,645,834,670,800,683,672,768,617,847,655,867,761,918,776,1120,735,1159,695,1216,592,1277,560,1342,601,1311,697,1328,726,1432,711,1495,655,1565,691,1592,682,1611,668,1709,583,1760,611,1732,761
C:/Users/DeonBakkes/Desktop/GTTM Ornithodoros tarsi trial/training/OP3023iidNOOL1.JPG,511,1001,557,960,557,859,677,755,763,802,764,913,809,946,1053,947,1130,895,1226,785,1282,762,1349,810,1285,916,1304,939,1443,939,1522,877,1593,922,1633,920,1654,911,1783,827,1831,855,1783,1036
C:/Users/DeonBakkes/Desktop/GTTM Ornithodoros tarsi trial/training/OP3023iidNOOL2.JPG,713,977,753,936,758,826,858,753,934,782,945,896,987,925,1212,917,1273,876,1367,768,1432,748,1475,802,1420,894,1444,914,1567,912,1641,849,1707,894,1744,889,1766,879,1879,798,1925,829,1888,998
C:/Users/DeonBakkes/Desktop/GTTM Ornithodoros tarsi trial/training/OP3023iidNOOL3.JPG,462,863,509,822,510,694,610,611,704,654,710,754,759,785,1005,752,1069,705,1155,576,1234,545,1286,582,1232,708,1267,727,1394,701,1463,633,1538,665,1579,656,1602,650,1721,549,1773,579,1744,760
C:/Users/DeonBakkes/Desktop/GTTM Ornithodoros tarsi trial/training/OP3023iieNOOL1.JPG,745,750,797,723,814,646,927,602,998,687,967,736,984,761,1190,803,1258,783,1351,715,1419,708,1466,761,1391,831,1402,849,1507,869,1591,831,1646,879,1674,879,1691,879,1822,841,1847,876,1772,1000
C:/Users/DeonBakkes/Desktop/GTTM Ornithodoros tarsi trial/training/OP3023iieNOOL2.JPG,736,810,778,795,800,715,906,682,968,766,942,814,968,837,1158,861,1204,842,1293,774,1364,776,1393,832,1329,892,1348,910,1429,919,1507,881,1560,928,1587,929,1604,927,1716,888,1747,915,1675,1043
C:/Users/DeonBakkes/Desktop/GTTM Ornithodoros tarsi trial/training/OP3023iieNOOL3.JPG,724,738,774,715,795,633,891,582,983,662,960,728,1003,752,1197,762,1249,735,1339,654,1414,649,1454,710,1389,773,1409,790,1500,799,1586,753,1647,792,1678,791,1695,792,1815,743,1850,782,1781,901
C:/Users/DeonBakkes/Desktop/GTTM Ornithodoros tarsi trial/training/OP3023iifNOOL1.JPG,598,1068,606,1033,611,935,704,850,790,912,831,992,877,1008,1041,981,1094,932,1177,820,1238,811,1279,853,1233,961,1260,979,1359,974,1425,923,1482,951,1516,942,1543,930,1632,851,1680,861,1657,1016
C:/Users/DeonBakkes/Desktop/GTTM Ornithodoros tarsi trial/training/OP3023iifNOOL2.JPG,524,844,546,817,601,671,726,618,801,689,824,816,876,857,1086,873,1136,837,1242,743,1334,735,1374,796,1293,916,1322,944,1441,969,1533,930,1587,982,1616,988,1642,982,1798,907,1834,947,1761,1118
C:/Users/DeonBakkes/Desktop/GTTM Ornithodoros tarsi trial/training/OP3023iifNOOL3.JPG,963,776,979,759,1045,655,1141,640,1187,708,1182,796,1215,835,1384,875,1440,848,1535,791,1599,795,1621,850,1544,925,1557,954,1650,990,1726,974,1769,1027,1807,1031,1830,1027,1937,985,1961,1022,1878,1139
C:/Users/DeonBakkes/Desktop/GTTM Ornithodoros tarsi trial/training/OP5037aPAVL1.JPG,1328,696,1366,688,1376,628,1493,585,1533,658,1504,712,1520,739,1591,759,1636,744,1677,698,1775,684,1801,756,1751,802,1757,822,1798,839,1880,818,1911,871,1926,874,1934,872,2042,841,2059,868,1987,958
C:/Users/DeonBakkes/Desktop/GTTM Ornithodoros tarsi trial/training/OP5037aPAVL2.JPG,1113,644,1141,630,1131,560,1233,484,1292,539,1285,605,1317,627,1382,619,1424,589,1461,516,1535,486,1591,536,1559,605,1577,626,1630,623,1693,578,1738,618,1754,619,1761,616,1853,548,1881,572,1847,676
C:/Users/DeonBakkes/Desktop/GTTM Ornithodoros tarsi trial/training/OP5037aPAVL3.JPG,1312,658,1341,645,1338,583,1426,520,1500,571,1485,641,1507,665,1609,667,1635,638,1672,584,1747,566,1794,627,1756,684,1771,707,1820,720,1886,677,1933,727,1946,730,1957,727,2056,674,2081,705,2032,793
C:/Users/DeonBakkes/Desktop/GTTM Ornithodoros tarsi trial/training/OP5037cPAVL1.JPG,1347,811,1357,807,1397,749,1517,795,1517,860,1477,895,1478,916,1501,939,1517,941,1558,915,1649,961,1661,1020,1594,1044,1591,1061,1610,1081,1672,1090,1674,1141,1686,1153,1694,1156,1800,1189,1800,1213,1695,1235
C:/Users/DeonBakkes/Desktop/GTTM Ornithodoros tarsi trial/training/OP5037cPAVL2.JPG,1416,641,1431,637,1457,568,1575,570,1607,622,1580,676,1583,699,1612,714,1633,710,1669,671,1757,681,1796,742,1739,784,1744,800,1770,812,1831,799,1846,841,1859,850,1866,850,1987,851,1995,874,1903,924
C:/Users/DeonBakkes/Desktop/GTTM Ornithodoros tarsi trial/training/OP5037cPAVL3.JPG,1497,809,1513,807,1567,753,1652,785,1682,858,1633,898,1626,920,1652,948,1670,949,1732,927,1800,979,1811,1039,1750,1056,1736,1072,1753,1093,1815,1106,1819,1156,1828,1165,1835,1168,1946,1212,1941,1237,1837,1251
C:/Users/DeonBakkes/Desktop/GTTM Ornithodoros tarsi trial/training/OP5037dPAVL1.JPG,1532,800,1559,810,1600,779,1688,815,1677,860,1639,884,1639,909,1675,956,1701,959,1751,946,1807,976,1797,1039,1753,1043,1745,1062,1778,1110,1821,1117,1825,1183,1829,1194,1836,1198,1918,1243,1913,1267,1826,1268
C:/Users/DeonBakkes/Desktop/GTTM Ornithodoros tarsi trial/training/OP5037dPAVL2.JPG,1290,747,1310,737,1318,692,1389,646,1428,688,1419,734,1438,750,1502,755,1529,738,1555,692,1615,675,1655,724,1625,764,1638,782,1701,783,1736,759,1779,799,1794,803,1798,801,1898,774,1908,798,1852,862
C:/Users/DeonBakkes/Desktop/GTTM Ornithodoros tarsi trial/training/OP5037dPAVL3.JPG,1298,630,1326,629,1372,584,1442,595,1453,649,1425,679,1430,702,1489,739,1514,736,1557,710,1619,721,1629,783,1588,801,1585,825,1636,856,1683,850,1701,907,1712,916,1723,920,1815,939,1817,963,1734,995
C:/Users/DeonBakkes/Desktop/GTTM Ornithodoros tarsi trial/training/OP5037ePAVL1.JPG,1442,628,1464,624,1497,542,1654,533,1690,633,1644,695,1655,723,1726,759,1756,744,1788,688,1916,681,1946,795,1886,824,1886,852,1946,886,2042,876,2060,952,2077,959,2086,959,2221,991,2230,1023,2107,1081
C:/Users/DeonBakkes/Desktop/GTTM Ornithodoros tarsi trial/training/OP5037ePAVR2.JPG,1352,786,1364,773,1389,697,1547,681,1589,771,1545,843,1561,873,1631,905,1665,883,1683,839,1818,825,1853,932,1794,965,1794,996,1870,1035,1949,1018,1973,1094,1990,1103,2003,1105,2136,1133,2135,1172,2023,1227
C:/Users/DeonBakkes/Desktop/GTTM Ornithodoros tarsi trial/training/OP5037ePAVR3.JPG,1491,725,1521,722,1550,645,1689,627,1739,732,1700,791,1710,811,1784,840,1817,827,1847,776,1969,755,2009,872,1954,897,1962,922,2038,944,2113,928,2147,992,2161,994,2171,996,2319,1020,2324,1058,2204,1111
C:/Users/DeonBakkes/Desktop/GTTM Ornithodoros tarsi trial/training/OP5037fKALL1.JPG,1341,514,1364,496,1382,441,1492,427,1521,496,1499,535,1512,568,1621,639,1660,629,1768,595,1805,603,1823,654,1750,695,1750,724,1801,771,1880,772,1901,807,1909,809,1914,810,2003,815,2012,843,1924,899
C:/Users/DeonBakkes/Desktop/GTTM Ornithodoros tarsi trial/training/OP5037fKALL2.JPG,1216,720,1226,695,1201,628,1279,556,1341,590,1355,636,1390,652,1518,630,1554,594,1602,500,1657,483,1690,508,1667,593,1687,609,1764,603,1818,555,1857,567,1869,563,1877,559,1947,506,1970,525,1943,627
C:/Users/DeonBakkes/Desktop/GTTM Ornithodoros tarsi trial/training/OP5037fKALL3.JPG,1254,644,1271,625,1275,559,1357,508,1421,562,1417,617,1437,638,1563,656,1600,640,1663,569,1721,552,1766,591,1710,663,1719,686,1792,703,1858,676,1892,694,1905,698,1911,694,1992,665,2014,690,1949,781
C:/Users/DeonBakkes/Desktop/GTTM Ornithodoros tarsi trial/training/OP5038aSAVL1.JPG,725,851,752,824,753,759,911,651,957,712,974,786,998,808,1234,841,1285,826,1371,740,1460,731,1505,787,1451,865,1467,888,1609,912,1706,888,1757,927,1773,928,1785,921,1911,855,1937,884,1866,1016
C:/Users/DeonBakkes/Desktop/GTTM Ornithodoros tarsi trial/training/OP5038aSAVL2.JPG,723,874,754,849,792,745,909,703,974,754,976,842,1004,876,1226,943,1281,937,1402,856,1481,869,1507,932,1438,1004,1468,1035,1574,1071,1691,1061,1736,1112,1760,1114,1771,1111,1902,1063,1925,1089,1835,1219
C:/Users/DeonBakkes/Desktop/GTTM Ornithodoros tarsi trial/training/OP5038aSAVL3.JPG,546,747,585,724,633,643,759,615,822,702,801,777,824,817,1016,923,1066,932,1185,881,1263,905,1285,981,1211,1012,1211,1051,1330,1130,1430,1142,1460,1197,1480,1204,1490,1205,1634,1194,1645,1224,1529,1329
C:/Users/DeonBakkes/Desktop/GTTM Ornithodoros tarsi trial/training/OP5038bSAVL1.JPG,686,829,722,804,728,724,878,644,933,716,905,804,943,852,1139,902,1187,891,1263,815,1388,798,1424,861,1336,940,1348,978,1467,1023,1561,1003,1587,1046,1606,1048,1617,1045,1726,1009,1742,1036,1663,1153
C:/Users/DeonBakkes/Desktop/GTTM Ornithodoros tarsi trial/training/OP5038bSAVL2.JPG,877,904,897,888,902,813,1013,751,1070,798,1049,892,1074,923,1239,960,1276,954,1358,883,1447,877,1469,930,1403,998,1413,1022,1505,1059,1581,1038,1608,1073,1622,1073,1630,1073,1726,1044,1736,1066,1670,1159
C:/Users/DeonBakkes/Desktop/GTTM Ornithodoros tarsi trial/training/OP5038bSAVL3.JPG,977,822,1000,807,1015,724,1130,668,1191,732,1165,805,1185,852,1371,912,1408,905,1501,837,1589,831,1618,891,1539,961,1558,998,1640,1038,1730,1023,1753,1059,1774,1066,1788,1068,1884,1039,1895,1063,1816,1158
C:/Users/DeonBakkes/Desktop/GTTM Ornithodoros tarsi trial/training/OP5039aKALL1.JPG,1398,891,1430,893,1484,857,1588,922,1580,977,1530,1012,1523,1053,1595,1161,1639,1179,1725,1181,1779,1226,1765,1268,1682,1283,1668,1307,1695,1372,1755,1397,1760,1461,1770,1475,1777,1482,1881,1516,1893,1557,1778,1604
C:/Users/DeonBakkes/Desktop/GTTM Ornithodoros tarsi trial/training/OP5039aKALL2.JPG,1354,839,1374,820,1384,756,1475,714,1540,752,1534,820,1559,848,1696,860,1734,840,1790,773,1849,762,1890,800,1846,874,1855,897,1939,902,1988,876,2031,908,2050,909,2060,906,2170,854,2195,881,2150,982
C:/Users/DeonBakkes/Desktop/GTTM Ornithodoros tarsi trial/training/OP5039aKALL3.JPG,1520,596,1560,610,1618,596,1697,652,1694,725,1631,746,1611,783,1652,915,1685,945,1776,973,1812,1027,1794,1066,1710,1061,1685,1075,1701,1156,1749,1195,1734,1261,1740,1273,1749,1282,1843,1346,1830,1389,1708,1388
C:/Users/DeonBakkes/Desktop/GTTM Ornithodoros tarsi trial/training/OP5039bPAVL1.JPG,1505,631,1534,631,1570,605,1645,636,1647,683,1627,709,1631,741,1686,846,1714,856,1783,874,1819,920,1808,971,1756,966,1732,991,1751,1033,1791,1063,1778,1108,1788,1129,1797,1139,1858,1182,1855,1211,1791,1222
C:/Users/DeonBakkes/Desktop/GTTM Ornithodoros tarsi trial/training/OP5039bPAVL2.JPG,1640,615,1670,619,1706,599,1775,624,1789,665,1749,705,1749,736,1815,843,1837,862,1927,900,1955,950,1939,988,1883,980,1868,997,1889,1059,1931,1093,1917,1139,1922,1150,1928,1157,2000,1222,1988,1248,1914,1247
C:/Users/DeonBakkes/Desktop/GTTM Ornithodoros tarsi trial/training/OP5039bPAVL3.JPG,1467,680,1507,696,1532,685,1591,713,1607,765,1571,791,1550,817,1594,962,1608,973,1684,1034,1697,1090,1675,1122,1621,1097,1594,1117,1600,1180,1630,1220,1607,1254,1609,1269,1610,1280,1663,1364,1649,1390,1561,1362
C:/Users/DeonBakkes/Desktop/GTTM Ornithodoros tarsi trial/training/OP5039dKALL1.JPG,1664,503,1699,514,1753,505,1825,558,1815,628,1754,651,1738,690,1773,814,1814,847,1895,885,1917,931,1898,978,1822,953,1802,962,1815,1038,1864,1065,1857,1134,1863,1148,1866,1155,1948,1219,1936,1252,1838,1258
C:/Users/DeonBakkes/Desktop/GTTM Ornithodoros tarsi trial/training/OP5039dKALL2.JPG,1655,586,1686,608,1737,606,1807,670,1782,740,1718,748,1696,780,1705,907,1728,942,1818,1010,1831,1054,1801,1105,1734,1064,1714,1078,1720,1149,1760,1190,1745,1239,1748,1260,1752,1267,1817,1347,1798,1385,1713,1369
C:/Users/DeonBakkes/Desktop/GTTM Ornithodoros tarsi trial/training/OP5039dKALL3.JPG,1626,576,1662,601,1723,604,1781,672,1751,733,1685,744,1671,772,1680,902,1700,940,1788,999,1807,1065,1772,1097,1711,1058,1692,1074,1696,1147,1738,1180,1722,1238,1727,1255,1730,1264,1800,1346,1779,1382,1688,1365
C:/Users/DeonBakkes/Desktop/GTTM Ornithodoros tarsi trial/training/OP5040aNOOL1.JPG,1072,688,1097,668,1156,598,1257,614,1309,663,1290,728,1300,769,1450,879,1494,874,1547,845,1663,873,1661,937,1600,970,1605,998,1665,1042,1715,1040,1750,1103,1779,1126,1804,1130,1923,1134,1941,1183,1854,1267
C:/Users/DeonBakkes/Desktop/GTTM Ornithodoros tarsi trial/training/OP5040aNOOL2.JPG,878,633,907,616,942,533,1044,520,1086,545,1089,621,1106,639,1241,678,1278,671,1335,621,1409,616,1444,665,1400,714,1407,736,1475,754,1513,735,1552,774,1582,781,1605,779,1702,754,1729,790,1680,876
C:/Users/DeonBakkes/Desktop/GTTM Ornithodoros tarsi trial/training/OP5040aNOOL3.JPG,733,1033,757,1006,748,902,830,840,921,846,964,931,1009,938,1167,914,1198,891,1235,811,1316,767,1376,796,1352,881,1363,901,1456,891,1493,848,1564,878,1593,874,1614,858,1711,785,1766,807,1755,935
C:/Users/DeonBakkes/Desktop/GTTM Ornithodoros tarsi trial/training/OP5040bNOOL1.JPG,807,489,863,474,923,396,1047,417,1094,480,1051,553,1069,597,1205,697,1270,713,1395,690,1472,732,1478,796,1390,819,1394,850,1480,920,1554,925,1586,1000,1611,1016,1631,1024,1771,1038,1778,1080,1678,1158
C:/Users/DeonBakkes/Desktop/GTTM Ornithodoros tarsi trial/training/OP5040bNOOL2.JPG,757,632,796,603,819,509,939,480,1024,526,1011,610,1028,636,1245,701,1293,686,1397,623,1473,628,1525,681,1447,746,1458,769,1574,814,1644,790,1704,847,1737,864,1757,860,1895,820,1923,865,1858,978
C:/Users/DeonBakkes/Desktop/GTTM Ornithodoros tarsi trial/training/OP5040bNOOL3.JPG,542,953,584,917,589,822,733,761,821,802,819,894,848,922,1066,953,1118,939,1227,847,1314,839,1374,906,1304,972,1314,994,1439,1030,1521,991,1599,1046,1628,1047,1646,1045,1780,984,1827,1024,1774,1156
C:/Users/DeonBakkes/Desktop/GTTM Ornithodoros tarsi trial/training/OP5040cNOOL1.JPG,1081,895,1117,882,1143,830,1240,810,1277,857,1254,914,1265,940,1393,1000,1449,993,1493,955,1566,960,1580,1007,1530,1058,1541,1076,1600,1104,1662,1102,1686,1136,1704,1151,1721,1156,1827,1134,1841,1162,1785,1243
C:/Users/DeonBakkes/Desktop/GTTM Ornithodoros tarsi trial/training/OP5040cNOOL2.JPG,1072,651,1102,632,1126,574,1217,550,1263,599,1245,661,1255,689,1385,739,1439,734,1496,687,1570,687,1592,735,1547,786,1551,803,1625,831,1683,824,1713,856,1732,870,1749,873,1854,844,1877,870,1831,958
C:/Users/DeonBakkes/Desktop/GTTM Ornithodoros tarsi trial/training/OP5040cNOOL3.JPG,747,784,788,764,801,697,903,647,972,708,958,778,978,805,1129,836,1175,830,1246,761,1326,750,1353,816,1312,862,1313,882,1397,906,1465,886,1504,918,1531,929,1544,927,1665,882,1694,916,1646,1017
C:/Users/DeonBakkes/Desktop/GTTM Ornithodoros tarsi trial/training/OP5041aKALL1.JPG,1260,752,1286,743,1327,667,1436,660,1463,712,1410,769,1406,801,1529,838,1573,826,1640,769,1711,765,1733,819,1671,876,1684,904,1731,923,1806,899,1831,936,1841,940,1851,940,1959,900,1977,922,1916,1034
C:/Users/DeonBakkes/Desktop/GTTM Ornithodoros tarsi trial/training/OP5041aKALL2.JPG,1147,821,1166,812,1182,704,1260,669,1313,715,1288,805,1310,824,1425,806,1461,781,1509,689,1559,665,1607,700,1576,787,1599,808,1652,809,1710,754,1748,781,1762,782,1771,776,1846,700,1873,712,1863,844
C:/Users/DeonBakkes/Desktop/GTTM Ornithodoros tarsi trial/training/OP5041aKALL3.JPG,1650,779,1677,790,1758,765,1847,807,1841,867,1740,894,1736,921,1808,1042,1839,1052,1928,1060,1986,1103,1972,1152,1879,1161,1872,1192,1906,1247,1967,1268,1954,1323,1961,1332,1970,1338,2080,1377,2075,1410,1957,1452
C:/Users/DeonBakkes/Desktop/GTTM Ornithodoros tarsi trial/training/OP5041bKALL1.JPG,1231,807,1254,798,1301,711,1385,708,1426,758,1382,825,1398,856,1497,880,1544,864,1611,801,1697,802,1710,841,1655,908,1662,928,1718,934,1784,904,1822,958,1839,961,1846,959,1945,934,1954,956,1903,1055
C:/Users/DeonBakkes/Desktop/GTTM Ornithodoros tarsi trial/training/OP5041bKALL2.JPG,1360,805,1374,786,1357,700,1412,643,1478,656,1486,730,1509,744,1614,705,1636,674,1652,580,1715,527,1754,541,1753,628,1780,640,1826,610,1853,552,1912,568,1929,563,1934,555,2004,474,2021,484,2035,589
C:/Users/DeonBakkes/Desktop/GTTM Ornithodoros tarsi trial/training/OP5041bKALL3.JPG,1352,886,1373,882,1414,793,1489,778,1537,828,1502,894,1513,924,1625,936,1663,921,1726,849,1809,831,1835,875,1792,940,1807,953,1860,954,1914,916,1968,957,1982,959,1990,954,2087,919,2106,941,2065,1031
C:/Users/DeonBakkes/Desktop/GTTM Ornithodoros tarsi trial/training/OP5041dKALL1.JPG,1364,729,1374,724,1405,674,1504,681,1519,723,1488,762,1484,787,1541,831,1573,831,1629,805,1695,830,1699,872,1651,882,1641,896,1677,933,1747,918,1751,969,1765,976,1772,977,1833,981,1838,1003,1796,1043
C:/Users/DeonBakkes/Desktop/GTTM Ornithodoros tarsi trial/training/OP5041dKALL2.JPG,1496,809,1506,801,1536,744,1613,747,1645,793,1609,831,1611,864,1668,905,1700,904,1774,876,1818,894,1834,937,1781,964,1778,975,1811,1008,1886,995,1890,1042,1899,1045,1905,1048,1967,1049,1979,1071,1930,1120
C:/Users/DeonBakkes/Desktop/GTTM Ornithodoros tarsi trial/training/OP5041dKALL3.JPG,1564,681,1572,679,1620,624,1707,629,1723,679,1684,717,1684,738,1760,782,1793,783,1867,759,1925,775,1935,821,1877,851,1881,863,1922,881,1993,872,1995,914,2006,921,2012,923,2094,929,2100,953,2047,993
C:/Users/DeonBakkes/Desktop/GTTM Ornithodoros tarsi trial/training/OP5042aKALL1.JPG,1109,981,1136,969,1154,888,1232,856,1277,897,1257,959,1276,986,1382,994,1419,975,1495,904,1548,895,1578,935,1526,995,1538,1015,1624,1023,1689,989,1714,1023,1730,1026,1739,1020,1851,977,1866,993,1817,1101
C:/Users/DeonBakkes/Desktop/GTTM Ornithodoros tarsi trial/training/OP5042aKALL2.JPG,1195,917,1228,908,1258,840,1342,820,1387,875,1350,929,1363,961,1472,999,1504,989,1582,940,1654,942,1676,994,1611,1037,1612,1056,1699,1094,1768,1072,1794,1118,1808,1123,1815,1122,1943,1106,1952,1127,1871,1224
C:/Users/DeonBakkes/Desktop/GTTM Ornithodoros tarsi trial/training/OP5042aKALL3.JPG,959,841,1003,830,1036,727,1174,666,1247,731,1199,828,1215,868,1396,913,1449,894,1557,811,1674,795,1715,867,1625,940,1629,976,1764,1022,1874,979,1916,1040,1942,1051,1956,1044,2139,995,2161,1029,2060,1183
C:/Users/DeonBakkes/Desktop/GTTM Ornithodoros tarsi trial/training/OP5042bKALL1.JPG,678,876,728,842,759,722,910,649,968,722,929,816,965,859,1122,876,1166,856,1241,755,1364,727,1438,815,1363,894,1383,934,1495,959,1592,896,1654,978,1694,988,1712,987,1850,944,1880,998,1766,1104
C:/Users/DeonBakkes/Desktop/GTTM Ornithodoros tarsi trial/training/OP5042bKALL2.JPG,727,530,815,511,915,409,1064,411,1076,532,1011,595,1020,632,1173,738,1228,735,1340,682,1476,711,1498,829,1400,860,1392,914,1492,989,1615,977,1638,1092,1667,1113,1681,1119,1850,1153,1854,1199,1680,1247
C:/Users/DeonBakkes/Desktop/GTTM Ornithodoros tarsi trial/training/OP5042bKALL3.JPG,737,811,820,768,890,665,1008,637,1054,726,1005,791,1014,832,1170,889,1219,881,1328,806,1433,807,1471,911,1397,957,1404,998,1506,1041,1606,1008,1649,1090,1675,1109,1692,1112,1848,1108,1859,1154,1729,1228
C:/Users/DeonBakkes/Desktop/GTTM Ornithodoros tarsi trial/training/OP5050__aPAVL1.JPG,603,889,665,852,680,697,816,631,955,661,960,815,997,844,1211,833,1239,796,1305,665,1454,612,1546,671,1494,827,1514,853,1637,858,1742,806,1799,860,1837,860,1855,855,2022,740,2064,781,2005,964
C:/Users/DeonBakkes/Desktop/GTTM Ornithodoros tarsi trial/training/OP5050__aPAVL2.JPG,566,745,627,734,683,541,829,507,963,562,952,730,983,752,1214,753,1265,713,1349,568,1487,535,1599,606,1530,770,1558,799,1692,791,1788,738,1858,796,1886,801,1899,795,2088,677,2157,733,2074,913
C:/Users/DeonBakkes/Desktop/GTTM Ornithodoros tarsi trial/training/OP5050__aPAVL3.JPG,621,877,682,847,721,670,824,637,936,673,944,811,983,833,1160,824,1184,807,1272,642,1386,610,1471,655,1433,808,1451,826,1563,823,1655,765,1712,814,1748,821,1757,810,1904,698,1955,744,1904,893
C:/Users/DeonBakkes/Desktop/GTTM Ornithodoros tarsi trial/training/OP5055DNaPAVL1.JPG,721,799,769,758,732,672,834,554,939,550,1004,707,1025,733,1193,731,1223,694,1241,589,1372,505,1457,557,1426,694,1445,715,1556,727,1655,637,1735,704,1777,718,1794,711,1954,626,1999,671,1893,820
C:/Users/DeonBakkes/Desktop/GTTM Ornithodoros tarsi trial/training/OP5055DNaPAVL2.JPG,679,761,728,737,710,633,853,514,987,557,1006,735,1051,770,1195,784,1241,747,1276,642,1423,578,1521,639,1462,783,1483,822,1602,842,1709,772,1798,865,1829,883,1850,878,2036,816,2083,872,1933,1017
C:/Users/DeonBakkes/Desktop/GTTM Ornithodoros tarsi trial/training/OP5055DNaPAVL3.JPG,571,874,611,829,565,737,674,586,823,607,882,765,937,794,1083,773,1116,725,1134,598,1271,504,1374,553,1346,711,1365,729,1506,722,1597,629,1690,703,1731,710,1747,696,1932,590,1987,638,1871,813
C:/Users/DeonBakkes/Desktop/GTTM Ornithodoros tarsi trial/training/OP5055DNbPAVL1.JPG,815,861,875,840,899,740,1074,679,1167,769,1112,855,1132,879,1300,909,1344,881,1420,781,1563,765,1638,862,1548,937,1567,966,1686,1006,1796,968,1853,1051,1887,1061,1910,1057,2088,1017,2122,1072,2000,1181
C:/Users/DeonBakkes/Desktop/GTTM Ornithodoros tarsi trial/training/OP5055DNbPAVL2.JPG,562,853,625,830,634,734,809,638,922,713,873,823,895,851,1075,875,1126,836,1177,750,1345,718,1431,796,1340,906,1372,945,1485,971,1595,920,1667,1009,1709,1022,1737,1011,1894,968,1951,1029,1823,1141
C:/Users/DeonBakkes/Desktop/GTTM Ornithodoros tarsi trial/training/OP5055DNbPAVL3.JPG,831,699,892,663,898,584,1041,502,1152,573,1106,675,1130,700,1300,712,1336,680,1381,599,1527,566,1613,628,1534,735,1557,763,1665,788,1752,738,1825,811,1856,826,1886,824,2045,779,2084,824,1974,933
C:/Users/DeonBakkes/Desktop/GTTM Ornithodoros tarsi trial/training/OP5055DNcPAVL1.JPG,755,920,834,856,794,785,890,627,1036,627,1071,747,1095,766,1115,763,1135,745,1215,611,1358,573,1441,646,1407,761,1444,798,1633,777,1734,673,1832,756,1873,756,1898,737,2083,614,2131,662,2048,841
C:/Users/DeonBakkes/Desktop/GTTM Ornithodoros tarsi trial/training/OP5055DNcPAVL2.JPG,601,846,666,768,622,694,704,529,855,529,896,652,926,665,942,662,955,647,1030,500,1165,447,1269,534,1240,643,1269,674,1463,647,1567,529,1666,609,1701,602,1725,582,1907,442,1959,493,1888,673
C:/Users/DeonBakkes/Desktop/GTTM Ornithodoros tarsi trial/training/OP5055DNcPAVL3.JPG,549,1076,605,1030,555,930,674,756,835,762,871,885,900,910,931,912,953,902,1050,737,1180,703,1303,794,1263,932,1326,977,1523,950,1643,827,1752,923,1790,921,1809,906,2029,760,2084,810,1994,1016
C:/Users/DeonBakkes/Desktop/GTTM Ornithodoros tarsi trial/training/OP5056DNaKALL1.JPG,413,822,480,795,481,691,648,546,827,596,742,758,769,786,1040,790,1118,749,1214,602,1372,560,1454,619,1370,756,1391,790,1562,803,1677,694,1763,775,1789,764,1809,747,1952,645,2021,683,1986,882
C:/Users/DeonBakkes/Desktop/GTTM Ornithodoros tarsi trial/training/OP5056DNaKALL2.JPG,561,908,596,883,594,777,750,660,860,702,807,829,837,855,1046,843,1094,812,1162,687,1306,633,1363,684,1304,784,1319,814,1464,822,1551,721,1616,778,1635,767,1656,751,1765,659,1809,690,1799,858
C:/Users/DeonBakkes/Desktop/GTTM Ornithodoros tarsi trial/training/OP5056DNaKALL3.JPG,435,1066,501,1031,501,911,669,779,804,824,735,978,768,1011,1002,992,1072,940,1150,812,1302,755,1362,821,1289,943,1314,974,1451,970,1555,864,1631,925,1660,915,1674,897,1791,798,1860,841,1842,1013
C:/Users/DeonBakkes/Desktop/GTTM Ornithodoros tarsi trial/training/OP5056DNbKALL1.JPG,451,899,466,875,458,787,568,671,720,668,709,806,736,837,985,824,1030,790,1109,652,1262,592,1336,639,1267,779,1283,795,1441,794,1557,693,1650,753,1684,739,1704,727,1844,623,1891,658,1856,855
C:/Users/DeonBakkes/Desktop/GTTM Ornithodoros tarsi trial/training/OP5056DNbKALL2.JPG,463,1043,482,1015,491,883,629,784,739,815,717,939,746,971,984,950,1034,913,1112,771,1253,707,1326,754,1267,895,1288,911,1436,898,1545,797,1640,854,1672,839,1684,824,1821,721,1871,748,1840,943
C:/Users/DeonBakkes/Desktop/GTTM Ornithodoros tarsi trial/training/OP5056DNbKALL3.JPG,408,1015,451,987,497,760,633,708,751,775,705,925,729,953,998,942,1049,901,1157,735,1287,689,1385,754,1299,899,1330,924,1486,909,1617,811,1692,873,1731,865,1752,848,1915,726,1966,772,1913,974
C:/Users/DeonBakkes/Desktop/GTTM Ornithodoros tarsi trial/training/OP5056DNcKALL1.JPG,460,859,503,821,475,691,614,551,777,598,763,754,799,792,1059,770,1097,746,1181,613,1346,524,1416,570,1340,727,1377,763,1530,763,1627,655,1721,714,1762,722,1785,703,1919,624,1979,654,1932,836
C:/Users/DeonBakkes/Desktop/GTTM Ornithodoros tarsi trial/training/OP5056DNcKALL2.JPG,368,820,420,787,431,630,608,520,737,582,721,766,779,796,1018,782,1075,760,1193,606,1381,533,1444,581,1351,760,1405,810,1551,814,1668,701,1774,784,1812,784,1845,764,2001,696,2059,744,1996,920
C:/Users/DeonBakkes/Desktop/GTTM Ornithodoros tarsi trial/training/OP5056DNcKALL3.JPG,396,990,460,950,470,784,633,661,776,718,762,905,808,928,1079,908,1138,864,1263,705,1454,638,1500,681,1410,871,1454,907,1622,901,1742,786,1834,858,1880,866,1920,842,2081,763,2137,805,2070,996
C:/Users/DeonBakkes/Desktop/GTTM Ornithodoros tarsi trial/training/OP5057DNaNOOL1.JPG,557,849,609,804,615,706,746,602,860,645,843,764,875,795,1168,798,1240,755,1320,656,1414,634,1471,675,1407,801,1422,831,1562,839,1623,782,1732,820,1771,829,1790,813,1915,736,1978,776,1951,930
C:/Users/DeonBakkes/Desktop/GTTM Ornithodoros tarsi trial/training/OP5057DNaNOOL2.JPG,425,890,500,828,492,732,650,583,761,595,771,773,809,793,1147,789,1232,735,1340,587,1454,557,1512,602,1453,755,1467,784,1645,788,1716,709,1839,751,1890,763,1913,740,2052,637,2139,675,2114,869
C:/Users/DeonBakkes/Desktop/GTTM Ornithodoros tarsi trial/training/OP5057DNaNOOL3.JPG,679,976,716,945,702,841,814,743,921,769,935,879,970,902,1221,890,1271,851,1341,737,1423,708,1493,742,1453,859,1482,893,1589,896,1655,827,1747,864,1790,858,1805,847,1894,766,1970,796,1966,946
C:/Users/DeonBakkes/Desktop/GTTM Ornithodoros tarsi trial/training/OP5057DNbNOOL1.JPG,549,939,596,898,572,776,684,659,801,681,840,815,888,842,1153,808,1200,777,1310,601,1430,566,1477,617,1432,748,1470,777,1603,757,1688,684,1781,720,1823,726,1847,708,1976,585,2043,623,2033,812
C:/Users/DeonBakkes/Desktop/GTTM Ornithodoros tarsi trial/training/OP5057DNbNOOL2.JPG,541,938,570,911,543,802,643,688,759,696,814,836,863,861,1098,835,1145,799,1235,641,1360,607,1397,652,1355,781,1390,810,1503,800,1591,726,1674,759,1720,760,1743,746,1860,634,1918,665,1910,842
C:/Users/DeonBakkes/Desktop/GTTM Ornithodoros tarsi trial/training/OP5057DNbNOOL3.JPG,369,848,423,800,385,678,504,551,634,567,685,721,743,753,1022,712,1091,660,1193,487,1309,447,1376,490,1320,650,1363,679,1500,664,1599,581,1707,617,1749,618,1781,603,1909,474,1978,515,1977,712
C:/Users/DeonBakkes/Desktop/GTTM Ornithodoros tarsi trial/training/OP5058DNaPAVL1.JPG,537,885,589,845,578,720,705,602,839,618,848,790,872,819,1015,826,1062,792,1123,670,1239,616,1311,693,1261,800,1287,826,1392,823,1477,742,1554,789,1587,801,1600,794,1796,731,1831,777,1741,887
C:/Users/DeonBakkes/Desktop/GTTM Ornithodoros tarsi trial/training/OP5058DNaPAVL2.JPG,571,831,626,795,619,678,765,539,926,554,926,735,960,775,1132,786,1179,756,1231,639,1379,571,1461,643,1405,773,1425,804,1554,805,1646,722,1741,787,1777,799,1788,791,2019,731,2050,783,1941,903
C:/Users/DeonBakkes/Desktop/GTTM Ornithodoros tarsi trial/training/OP5058DNaPAVL3.JPG,462,684,533,635,527,478,711,338,860,378,862,581,901,621,1063,613,1113,589,1176,451,1329,368,1429,457,1367,593,1397,626,1526,618,1627,527,1723,585,1762,596,1776,589,2008,508,2060,569,1948,700
